"","x"
"1","Cujo       (1983)+61.0+Horror, Thriller+StatusReleasedOriginalLanguageEnglishBudget$5,000,000.00Revenue$21,200,000.00+1h 33m"
"2","Believe Me: The Abduction of Lisa McVey       (2018)+82.0+Drama, TV Movie+StatusReleasedOriginalLanguageEnglishBudget-Revenue-+1h 38m"
"3","Champions       (2018)+76.0+Drama, Comedy+OriginalTitleCampeonesStatusReleasedOriginalLanguageSpanish;CastilianBudget$4,920,975.00Revenue$20,121,318.00+2h 4m"
"4","Charlie's Angels       (2000)+58.0+Action, Adventure, Comedy, Crime, Thriller+StatusReleasedOriginalLanguageEnglishBudget$92,000,000.00Revenue$264,105,545.00+1h 38m"
"5","True Romance       (1993)+75.0+Action, Thriller, Crime, Romance+StatusReleasedOriginalLanguageEnglishBudget$12,500,000.00Revenue$12,600,000.00+2h"
"6","The Shallows       (2016)+64.0+Horror, Drama, Thriller+StatusReleasedOriginalLanguageEnglishBudget$17,000,000.00Revenue$119,100,758.00+1h 26m"
"7","In the Heights       (2021)+73.0+Drama, Music, Romance+StatusReleasedOriginalLanguageEnglishBudget$55,000,000.00Revenue$43,000,000.00+2h 23m"
"8","The Emperor of Paris       (2018)+64.0+Drama, Crime, Thriller+OriginalTitleL'EmpereurdeParisStatusReleasedOriginalLanguageFrenchBudget-Revenue-+2h 1m"
"9","Are We There Yet?       (2005)+56.0+Family, Adventure, Comedy, Romance+StatusReleasedOriginalLanguageEnglishBudget$32,000,000.00Revenue$97,918,663.00+1h 35m"
"10","Sleepers       (1996)+76.0+Crime, Drama, Thriller+StatusReleasedOriginalLanguageEnglishBudget$44,000,000.00Revenue$165,615,285.00+2h 27m"
"11","American Assassin       (2017)+63.0+Action, Thriller+StatusReleasedOriginalLanguageEnglishBudget$33,000,000.00Revenue$67,200,000.00+1h 52m"
"12","DÃ©jÃ  Vu       (2006)+68.0+Action, Thriller, Science Fiction+StatusReleasedOriginalLanguageEnglishBudget$75,000,000.00Revenue$180,557,550.00+2h 6m"
"13","Memories of Murder       (2003)+81.0+Crime, Drama, Thriller+OriginalTitle살인의추억StatusReleasedOriginalLanguageKoreanBudget$2,800,000.00Revenue$26,000,000.00+2h 11m"
"14","Belfast       (2021)+72.0+Drama+StatusReleasedOriginalLanguageEnglishBudget-Revenue$30,000,000.00+1h 38m"
"15","Stitch! The Movie       (2003)+65.0+Comedy, Adventure, Family, Animation+StatusReleasedOriginalLanguageEnglishBudget-Revenue-+1h"
"16","The King of Staten Island       (2020)+71.0+Comedy, Drama+StatusReleasedOriginalLanguageEnglishBudget-Revenue-+2h 17m"
"17","Transformers       (2007)+67.0+Adventure, Science Fiction, Action+StatusReleasedOriginalLanguageEnglishBudget$150,000,000.00Revenue$709,709,780.00+2h 23m"
"18","Tangled: Before Ever After       (2017)+68.0+Adventure, Animation, Comedy, Family, Fantasy, TV Movie+StatusReleasedOriginalLanguageEnglishBudget-Revenue-+55m"
"19","Dr. Strangelove or: How I Learned to Stop Worrying and Love the Bomb       (1964)+81.0+Drama, Comedy, War+StatusReleasedOriginalLanguageEnglishBudget$1,800,000.00Revenue$9,523,464.00+1h 35m"
"20","Resident Evil: Degeneration       (2008)+67.0+Animation, Horror, Action, Science Fiction+OriginalTitleBaiohazâdo:DijenerêshonStatusReleasedOriginalLanguageEnglishBudget-Revenue-+1h 37m"
"21","Arthur and the Revenge of Maltazard       (2009)+57.0+Adventure, Fantasy, Animation, Family+OriginalTitleArthuretlavengeancedeMaltazardStatusReleasedOriginalLanguageFrenchBudget$87,000,000.00Revenue-+1h 33m"
"22","Kronk's New Groove       (2005)+64.0+Animation, Comedy, Family+StatusReleasedOriginalLanguageEnglishBudget-Revenue-+1h 15m"
"23","Deliver Us from Evil       (2014)+62.0+Thriller, Crime, Horror+StatusReleasedOriginalLanguageEnglishBudget$30,000,000.00Revenue$87,937,815.00+1h 58m"
"24","Johnny English Strikes Again       (2018)+62.0+Action, Adventure, Comedy+StatusReleasedOriginalLanguageEnglishBudget$25,000,000.00Revenue$158,256,993.00+1h 29m"
"25","Unfriended: Dark Web       (2018)+63.0+Horror, Thriller, Mystery+StatusReleasedOriginalLanguageEnglishBudget$1,000,000.00Revenue$9,602,624.00+1h 33m"
"26","Cockneys vs Zombies       (2012)+57.0+Comedy, Horror+StatusReleasedOriginalLanguageEnglishBudget-Revenue-+1h 28m"
"27","Drumline       (2002)+69.0+Drama, Romance, Comedy, Music+StatusReleasedOriginalLanguageEnglishBudget$20,000,000.00Revenue$57,588,485.00+1h 58m"
"28","Zombeavers       (2014)+49.0+Horror, Action, Comedy+StatusReleasedOriginalLanguageEnglishBudget-Revenue$14,947.00+1h 25m"
"29","Room       (2015)+81.0+Drama, Thriller+StatusReleasedOriginalLanguageEnglishBudget$13,000,000.00Revenue$35,401,758.00+1h 58m"
"30","Brimstone       (2016)+71.0+Western, Mystery, Thriller, Drama+StatusReleasedOriginalLanguageEnglishBudget$13,000,000.00Revenue-+2h 28m"
"31","The Nutcracker and the Four Realms       (2018)+61.0+Fantasy, Adventure, Family+StatusReleasedOriginalLanguageEnglishBudget$120,000,000.00Revenue$59,522,646.00+1h 39m"
"32","A Score to Settle       (2019)+62.0+Action, Thriller, Drama+StatusReleasedOriginalLanguageEnglishBudget-Revenue-+1h 43m"
"33","Careful What You Wish For       (2015)+61.0+Drama, Thriller+StatusReleasedOriginalLanguageEnglishBudget$8,000,000.00Revenue-+1h 31m"
"34","The Man with the Iron Heart       (2017)+66.0+War, Action, History, Thriller+StatusReleasedOriginalLanguageEnglishBudget$32,679,734.00Revenue$4,412,639.00+2h"
"35","The Man in the Iron Mask       (1998)+66.0+Adventure, Action, Drama+StatusReleasedOriginalLanguageEnglishBudget$35,000,000.00Revenue$182,968,902.00+2h 12m"
"36","Idiocracy       (2006)+63.0+Adventure, Comedy, Science Fiction+StatusReleasedOriginalLanguageEnglishBudget$30,000,000.00Revenue$495,303.00+1h 24m"
"37","Captain Fantastic       (2016)+79.0+Adventure, Drama+StatusReleasedOriginalLanguageEnglishBudget$5,000,000.00Revenue$23,123,592.00+1h 58m"
"38","The Mask of Zorro       (1998)+65.0+Action, Adventure+StatusReleasedOriginalLanguageEnglishBudget$95,000,000.00Revenue$250,288,523.00+2h 16m"
"39","Master Z: Ip Man Legacy       (2018)+62.0+Action, Crime, Drama+OriginalTitle葉問外傳：張天志StatusReleasedOriginalLanguageCantoneseBudget-Revenue$21,832,649.00+1h 47m"
"40","The Tragedy of Macbeth       (2021)+70.0+Drama, War+StatusReleasedOriginalLanguageEnglishBudget-Revenue-+1h 45m"
"41","The Rundown       (2003)+64.0+Adventure, Action, Comedy, Thriller+StatusReleasedOriginalLanguageEnglishBudget$85,000,000.00Revenue$80,916,492.00+1h 44m"
"42","Gonjiam: Haunted Asylum       (2018)+73.0+Horror, Mystery+OriginalTitle곤지암StatusReleasedOriginalLanguageKoreanBudget-Revenue$21,041,950.00+1h 34m"
"43","Love Hard       (2021)+71.0+Comedy, Romance+StatusReleasedOriginalLanguageEnglishBudget-Revenue-+1h 45m"
"44","Wonder Woman: Bloodlines       (2019)+71.0+Science Fiction, Animation, Action, Fantasy+StatusReleasedOriginalLanguageEnglishBudget-Revenue-+1h 23m"
"45","Children of Men       (2006)+76.0+Drama, Action, Thriller, Science Fiction+StatusReleasedOriginalLanguageEnglishBudget$76,000,000.00Revenue$70,595,464.00+1h 49m"
"46","Portrait of a Lady on Fire       (2019)+82.0+Drama, Romance+OriginalTitlePortraitdelajeunefilleenfeuStatusReleasedOriginalLanguageFrenchBudget$5,740,000.00Revenue$9,923,127.00+2h"
"47","Diego Maradona       (2019)+75.0+Documentary+StatusReleasedOriginalLanguageSpanish;CastilianBudget-Revenue-+2h 10m"
"48","Only Yesterday       (1991)+73.0+Animation, Drama, Romance+OriginalTitleおもひでぽろぽろStatusReleasedOriginalLanguageJapaneseBudget-Revenue$473,110.00+1h 59m"
"49","The Healer       (2017)+72.0+Family, Drama, Comedy+StatusReleasedOriginalLanguageEnglishBudget-Revenue-+1h 53m"
"50","Shallow Hal       (2001)+62.0+Comedy, Romance+StatusReleasedOriginalLanguageEnglishBudget$40,000,000.00Revenue$141,069,860.00+1h 54m"
"51","Slumdog Millionaire       (2008)+77.0+Drama, Romance+StatusReleasedOriginalLanguageEnglishBudget$15,000,000.00Revenue$378,410,542.00+2h"
"52","Case 39       (2009)+63.0+Horror, Mystery, Thriller+StatusReleasedOriginalLanguageEnglishBudget$27,000,000.00Revenue$29,000,000.00+1h 49m"
"53","The Willoughbys       (2020)+71.0+Animation, Comedy, Family+StatusReleasedOriginalLanguageEnglishBudget-Revenue-+1h 32m"
"54","The Intruder       (2019)+61.0+Thriller+StatusReleasedOriginalLanguageEnglishBudget-Revenue$25,724,305.00+1h 42m"
"55","The Devil All the Time       (2020)+73.0+Crime, Drama, Thriller+StatusReleasedOriginalLanguageEnglishBudget-Revenue-+2h 18m"
"56","Small Soldiers       (1998)+65.0+Comedy, Adventure, Fantasy, Science Fiction, Action+StatusReleasedOriginalLanguageEnglishBudget$40,000,000.00Revenue$54,682,547.00+1h 50m"
"57","Inheritance       (2020)+63.0+Thriller+StatusReleasedOriginalLanguageEnglishBudget-Revenue-+1h 50m"
"58","The Village       (2004)+64.0+Drama, Mystery, Thriller+StatusReleasedOriginalLanguageEnglishBudget$60,000,000.00Revenue$256,697,520.00+1h 48m"
"59","Police Academy       (1984)+66.0+Comedy, Crime+StatusReleasedOriginalLanguageEnglishBudget$4,500,000.00Revenue$81,198,894.00+1h 37m"
"60","The Silence       (2019)+60.0+Horror, Drama, Thriller, Fantasy+StatusReleasedOriginalLanguageEnglishBudget-Revenue$2,325,977.00+1h 31m"
"61","Look Away       (2018)+66.0+Horror, Thriller, Fantasy+StatusReleasedOriginalLanguageEnglishBudget-Revenue$1,119,537.00+1h 43m"
"62","Falling Inn Love       (2019)+65.0+Romance, Comedy+StatusReleasedOriginalLanguageEnglishBudget-Revenue-+1h 38m"
"63","Shaft       (2019)+65.0+Action, Crime+StatusReleasedOriginalLanguageEnglishBudget$30,000,000.00Revenue$21,360,215.00+1h 51m"
"64","Kin       (2018)+62.0+Science Fiction, Action+StatusReleasedOriginalLanguageEnglishBudget$30,000,000.00Revenue$10,023,153.00+1h 42m"
"65","mother!       (2017)+70.0+Drama, Horror, Mystery+StatusReleasedOriginalLanguageEnglishBudget$30,000,000.00Revenue$44,516,999.00+2h 1m"
"66","The Old Guard       (2020)+72.0+Action, Fantasy+StatusReleasedOriginalLanguageEnglishBudget$70,000,000.00Revenue-+2h 5m"
"67","National Lampoon's Vacation       (1983)+71.0+Comedy, Adventure+StatusReleasedOriginalLanguageEnglishBudget$15,000,000.00Revenue$61,399,552.00+1h 39m"
"68","Meet the Fockers       (2004)+62.0+Comedy, Romance+StatusReleasedOriginalLanguageEnglishBudget$80,000,000.00Revenue$516,642,939.00+1h 55m"
"69","Security       (2017)+62.0+Action, Thriller, Crime+StatusReleasedOriginalLanguageEnglishBudget$15,000,000.00Revenue-+1h 27m"
"70","Escape from Pretoria       (2020)+73.0+Drama, History, Thriller+StatusReleasedOriginalLanguageEnglishBudget-Revenue-+1h 42m"
"71","Indecent Proposal       (1993)+63.0+Romance, Drama+StatusReleasedOriginalLanguageEnglishBudget$38,000,000.00Revenue$266,614,059.00+1h 57m"
"72","In the Realm of the Senses       (1976)+65.0+Drama, Romance+OriginalTitle愛のコリーダStatusReleasedOriginalLanguageJapaneseBudget-Revenue-+1h 45m"
"73","The Invasion       (2007)+60.0+Science Fiction, Thriller, Mystery+StatusReleasedOriginalLanguageEnglishBudget$80,000,000.00Revenue$15,071,514.00+1h 39m"
"74","Ma       (2019)+58.0+Horror, Thriller+StatusReleasedOriginalLanguageEnglishBudget$5,000,000.00Revenue$51,749,995.00+1h 39m"
"75","I, Tonya       (2017)+75.0+Drama+StatusReleasedOriginalLanguageEnglishBudget$11,000,000.00Revenue$53,939,297.00+2h"
"76","The Perfect Date       (2019)+65.0+Romance, Comedy+StatusReleasedOriginalLanguageEnglishBudget-Revenue-+1h 33m"
"77","First Man       (2018)+70.0+History, Drama+StatusReleasedOriginalLanguageEnglishBudget$70,000,000.00Revenue$105,702,570.00+2h 21m"
"78","Crimson Peak       (2015)+66.0+Horror, Thriller, Romance, Mystery+StatusReleasedOriginalLanguageEnglishBudget$55,000,000.00Revenue$74,679,822.00+1h 59m"
"79","The Secret Life of Pets       (2016)+62.0+Adventure, Comedy, Animation, Family+StatusReleasedOriginalLanguageEnglishBudget$75,000,000.00Revenue$875,457,937.00+1h 27m"
"80","The Mauritanian       (2021)+75.0+Drama, Thriller+StatusReleasedOriginalLanguageEnglishBudget-Revenue-+2h 9m"
"81","Time Freak       (2018)+66.0+Science Fiction, Comedy, Romance+StatusReleasedOriginalLanguageEnglishBudget-Revenue-+1h 44m"
"82","The House with a Clock in Its Walls       (2018)+62.0+Fantasy, Family, Comedy, Horror+StatusReleasedOriginalLanguageEnglishBudget$42,000,000.00Revenue$131,457,147.00+1h 45m"
"83","Arthur 3: The War of the Two Worlds       (2010)+58.0+Animation, Adventure, Fantasy, Family+OriginalTitleArthur3:laguerredesdeuxmondesStatusReleasedOriginalLanguageEnglishBudget$70,200,000.00Revenue-+1h 41m"
"84","Cloud Atlas       (2012)+69.0+Drama, Science Fiction+StatusReleasedOriginalLanguageEnglishBudget$102,000,000.00Revenue$130,482,868.00+2h 52m"
"85","Spotlight       (2015)+78.0+Drama, History+StatusReleasedOriginalLanguageEnglishBudget$20,000,000.00Revenue$98,690,254.00+2h 9m"
"86","Suspiria       (1977)+75.0+Horror+StatusReleasedOriginalLanguageItalianBudget-Revenue$2,884,265.00+1h 39m"
"87","Dawn of the Dead       (1978)+75.0+Horror+StatusReleasedOriginalLanguageEnglishBudget$650,000.00Revenue$55,000,000.00+2h 7m"
"88","Crank       (2006)+66.0+Action, Thriller, Crime+StatusReleasedOriginalLanguageEnglishBudget$12,000,000.00Revenue$42,931,041.00+1h 28m"
"89","Fantasy Island       (2020)+60.0+Horror, Fantasy, Adventure, Mystery+StatusReleasedOriginalLanguageEnglishBudget$7,000,000.00Revenue$47,078,545.00+1h 49m"
"90","Wild Tales       (2014)+78.0+Drama, Thriller, Comedy+OriginalTitleRelatossalvajesStatusReleasedOriginalLanguageSpanish;CastilianBudget$4,000,000.00Revenue$27,007,072.00+2h 2m"
"91","Jingle Jangle: A Christmas Journey       (2020)+66.0+Family, Fantasy, Music+StatusReleasedOriginalLanguageEnglishBudget-Revenue-+2h 2m"
"92","The Killing of a Sacred Deer       (2017)+70.0+Drama, Thriller, Mystery+StatusReleasedOriginalLanguageEnglishBudget-Revenue$7,027,336.00+2h 1m"
"93","The Tuxedo       (2002)+57.0+Thriller, Action, Comedy, Science Fiction+StatusReleasedOriginalLanguageEnglishBudget$60,000,000.00Revenue$104,391,623.00+1h 38m"
"94","Enter the Dragon       (1973)+74.0+Action+StatusReleasedOriginalLanguageEnglishBudget$10,000,000.00Revenue$21,485,066.00+1h 42m"
"95","Bleeding Steel       (2017)+59.0+Action, Science Fiction, Thriller+OriginalTitle机器之血StatusReleasedOriginalLanguageChineseBudget$65,000,000.00Revenue-+1h 49m"
"96","The Wandering Earth       (2019)+64.0+Science Fiction, Action, Drama+OriginalTitle流浪地球StatusReleasedOriginalLanguageChineseBudget$48,000,000.00Revenue-+2h 6m"
"97","Bleach       (2018)+66.0+Action, Fantasy, Adventure+StatusReleasedOriginalLanguageJapaneseBudget-Revenue$3,729,856.00+1h 48m"
"98","Trainspotting       (1996)+80.0+Drama, Crime+StatusReleasedOriginalLanguageEnglishBudget$4,000,000.00Revenue$16,491,080.00+1h 34m"
"99","AmÃ©lie       (2001)+79.0+Comedy, Romance+OriginalTitleLeFabuleuxDestind'AmÃ©liePoulainStatusReleasedOriginalLanguageFrenchBudget$10,000,000.00Revenue$173,921,954.00+2h 2m"
"100","Hellraiser       (1987)+69.0+Horror+StatusReleasedOriginalLanguageEnglishBudget$1,000,000.00Revenue$14,575,193.00+1h 33m"
"101","Downton Abbey       (2019)+72.0+Drama, Romance, History+StatusReleasedOriginalLanguageEnglishBudget$20,000,000.00Revenue$192,094,429.00+2h 2m"
"102","Unhinged       (2020)+64.0+Action, Thriller+StatusReleasedOriginalLanguageEnglishBudget$33,000,000.00Revenue$39,238,300.00+1h 30m"
"103","The Last Summer       (2019)+60.0+Romance, Comedy+StatusReleasedOriginalLanguageEnglishBudget-Revenue-+1h 49m"
"104","The Art of Racing in the Rain       (2019)+83.0+Comedy, Drama, Romance+StatusReleasedOriginalLanguageEnglishBudget$18,000,000.00Revenue$33,766,787.00+1h 49m"
"105","I Kill Giants       (2018)+62.0+Fantasy, Drama+StatusReleasedOriginalLanguageEnglishBudget$15,100,000.00Revenue-+1h 46m"
"106","Apollo 13       (1995)+74.0+Drama, History, Adventure+StatusReleasedOriginalLanguageEnglishBudget$52,000,000.00Revenue$355,237,933.00+2h 20m"
"107","Sully       (2016)+72.0+Drama, History+StatusReleasedOriginalLanguageEnglishBudget$60,000,000.00Revenue$240,797,623.00+1h 36m"
"108","Poseidon       (2006)+58.0+Adventure, Action, Drama, Thriller+StatusReleasedOriginalLanguageEnglishBudget$160,000,000.00Revenue$181,674,817.00+1h 38m"
"109","Mad Max       (1979)+67.0+Adventure, Action, Thriller, Science Fiction+StatusReleasedOriginalLanguageEnglishBudget$300,000.00Revenue$8,771,757.00+1h 31m"
"110","The House That Jack Built       (2018)+72.0+Drama, Horror, Crime, Thriller+StatusReleasedOriginalLanguageEnglishBudget$9,800,000.00Revenue$5,566,776.00+2h 31m"
"111","The Dirt       (2019)+75.0+Drama, Music, History+StatusReleasedOriginalLanguageEnglishBudget-Revenue-+1h 48m"
"112","Isn't It Romantic       (2019)+62.0+Comedy, Fantasy, Romance+StatusReleasedOriginalLanguageEnglishBudget-Revenue-+1h 29m"
"113","The Happytime Murders       (2018)+57.0+Action, Comedy, Crime+StatusReleasedOriginalLanguageEnglishBudget$40,000,000.00Revenue$27,506,452.00+1h 31m"
"114","Booksmart       (2019)+70.0+Comedy+StatusReleasedOriginalLanguageEnglishBudget$6,000,000.00Revenue$24,849,029.00+1h 42m"
"115","The Day the Earth Stood Still       (2008)+56.0+Drama, Science Fiction, Thriller+StatusReleasedOriginalLanguageEnglishBudget$80,000,000.00Revenue$233,093,859.00+1h 44m"
"116","Knocked Up       (2007)+62.0+Comedy, Romance, Drama+StatusReleasedOriginalLanguageEnglishBudget$30,000,000.00Revenue$219,076,518.00+2h 9m"
"117","Meet the Parents       (2000)+67.0+Comedy, Romance+StatusReleasedOriginalLanguageEnglishBudget$55,000,000.00Revenue$330,444,045.00+1h 48m"
"118","Thelma       (2017)+69.0+Drama, Mystery, Thriller+StatusReleasedOriginalLanguageNorwegianBudget$5,741,614.00Revenue$1,471,656.00+1h 56m"
"119","A Perfect Getaway       (2009)+63.0+Thriller, Mystery, Adventure+StatusReleasedOriginalLanguageEnglishBudget$14,000,000.00Revenue$22,852,638.00+1h 38m"
"120","Unleashed       (2005)+69.0+Action, Crime+StatusReleasedOriginalLanguageEnglishBudget$45,000,000.00Revenue$50,871,113.00+1h 43m"
"121","She's the Man       (2006)+68.0+Comedy, Drama, Romance+StatusReleasedOriginalLanguageEnglishBudget$20,000,000.00Revenue$33,889,159.00+1h 45m"
"122","Horns       (2013)+63.0+Drama, Fantasy, Thriller+StatusReleasedOriginalLanguageEnglishBudget-Revenue-+2h"
"123","The X Files: I Want to Believe       (2008)+57.0+Drama, Mystery, Science Fiction, Thriller+StatusReleasedOriginalLanguageEnglishBudget$30,000,000.00Revenue$69,363,381.00+1h 44m"
"124","Hugo       (2011)+72.0+Adventure, Drama, Family+StatusReleasedOriginalLanguageEnglishBudget$170,000,000.00Revenue$185,770,160.00+2h 6m"
"125","The Crucifixion       (2017)+56.0+Horror, Mystery, Thriller+StatusReleasedOriginalLanguageEnglishBudget-Revenue$6,554,322.00+1h 30m"
"126","Ferris Bueller's Day Off       (1986)+76.0+Comedy+StatusReleasedOriginalLanguageEnglishBudget$6,000,000.00Revenue$70,136,369.00+1h 43m"
"127","Halloween: Resurrection       (2002)+46.0+Horror, Thriller+StatusReleasedOriginalLanguageEnglishBudget$13,000,000.00Revenue$37,664,855.00+1h 29m"
"128","The X Files       (1998)+68.0+Mystery, Science Fiction, Thriller+StatusReleasedOriginalLanguageEnglishBudget$66,000,000.00Revenue$189,198,313.00+2h 1m"
"129","Mary and The Witch's Flower       (2017)+71.0+Fantasy, Adventure, Animation+OriginalTitleメアリと魔女の花StatusReleasedOriginalLanguageJapaneseBudget-Revenue-+1h 43m"
"130","Klaus       (2019)+83.0+Animation, Family, Adventure, Comedy+StatusReleasedOriginalLanguageEnglishBudget-Revenue-+1h 36m"
"131","A Time to Kill       (1996)+74.0+Crime, Drama, Thriller+StatusReleasedOriginalLanguageEnglishBudget$40,000,000.00Revenue$152,266,007.00+2h 29m"
"132","Final Fantasy VII: Advent Children       (2005)+71.0+Animation, Action, Adventure, Fantasy, Science Fiction+StatusReleasedOriginalLanguageJapaneseBudget-Revenue-+1h 41m"
"133","Yesterday       (2019)+67.0+Music, Comedy, Romance, Fantasy+StatusReleasedOriginalLanguageEnglishBudget$26,000,000.00Revenue$88,092,097.00+1h 56m"
"134","Nosferatu       (1922)+77.0+Fantasy, Horror+OriginalTitleNosferatu,eineSymphoniedesGrauensStatusReleasedOriginalLanguageGermanBudget-Revenue$19,054.00+1h 34m"
"135","Notting Hill       (1999)+73.0+Romance, Comedy, Drama+StatusReleasedOriginalLanguageEnglishBudget$42,000,000.00Revenue$363,889,678.00+2h 4m"
"136","The Fly       (1986)+74.0+Horror, Science Fiction+StatusReleasedOriginalLanguageEnglishBudget$15,000,000.00Revenue$60,629,159.00+1h 36m"
"137","Maggie       (2015)+54.0+Horror, Drama, Mystery+StatusReleasedOriginalLanguageEnglishBudget$4,000,000.00Revenue$187,112.00+1h 35m"
"138","Kidnapping Mr. Heineken       (2015)+60.0+Drama, Action, Crime, Thriller, Mystery+StatusReleasedOriginalLanguageEnglishBudget-Revenue$2,633,527.00+1h 35m"
"139","Hotel Mumbai       (2019)+76.0+Thriller, History, Drama, Action+StatusReleasedOriginalLanguageEnglishBudget-Revenue$16,872,691.00+2h 3m"
"140","I Still Believe       (2020)+77.0+Music, Drama, Romance+StatusReleasedOriginalLanguageEnglishBudget-Revenue-+1h 55m"
"141","Manchester by the Sea       (2016)+75.0+Drama+StatusReleasedOriginalLanguageEnglishBudget$9,000,000.00Revenue$78,988,148.00+2h 18m"
"142","Close       (2019)+58.0+Action, Thriller+StatusReleasedOriginalLanguageEnglishBudget-Revenue-+1h 35m"
"143","Rocketman       (2019)+74.0+Music, Drama, History+StatusReleasedOriginalLanguageEnglishBudget$40,000,000.00Revenue$167,323,950.00+2h 1m"
"144","Jack and the Cuckoo-Clock Heart       (2014)+72.0+Animation, Romance, Adventure, Drama, Fantasy+OriginalTitleJacketlamécaniqueducœurStatusReleasedOriginalLanguageFrenchBudget$33,746,302.00Revenue$3,445,000.00+1h 34m"
"145","Harriet       (2019)+73.0+Drama, History+StatusReleasedOriginalLanguageEnglishBudget-Revenue-+2h 5m"
"146","She's All That       (1999)+63.0+Comedy, Romance+StatusReleasedOriginalLanguageEnglishBudget$10,000,000.00Revenue$103,166,989.00+1h 35m"
"147","Reign of the Supermen       (2019)+72.0+Science Fiction, Animation, Action+StatusReleasedOriginalLanguageEnglishBudget-Revenue-+1h 27m"
"148","Masterminds       (2016)+57.0+Action, Comedy, Crime+StatusReleasedOriginalLanguageEnglishBudget$25,000,000.00Revenue$29,200,000.00+1h 34m"
"149","Mystic River       (2003)+77.0+Thriller, Crime, Drama, Mystery+StatusReleasedOriginalLanguageEnglishBudget$25,000,000.00Revenue$156,822,020.00+2h 18m"
"150","Project Power       (2020)+65.0+Action, Crime, Science Fiction+StatusReleasedOriginalLanguageEnglishBudget-Revenue-+1h 53m"
"151","Night Hunter       (2019)+65.0+Drama, Thriller+StatusReleasedOriginalLanguageEnglishBudget-Revenue$1,012,932.00+1h 35m"
"152","The Zookeeper's Wife       (2017)+74.0+Drama, History, War+StatusReleasedOriginalLanguageEnglishBudget$20,000,000.00Revenue$26,152,835.00+2h 6m"
"153","Ride Along       (2014)+62.0+Action, Comedy+StatusReleasedOriginalLanguageEnglishBudget$25,000,000.00Revenue$153,997,819.00+1h 39m"
"154","Chinatown       (1974)+79.0+Crime, Drama, Mystery, Thriller+StatusReleasedOriginalLanguageEnglishBudget$6,000,000.00Revenue$30,000,000.00+2h 10m"
"155","Trading Places       (1983)+72.0+Comedy+StatusReleasedOriginalLanguageEnglishBudget$15,000,000.00Revenue$90,404,800.00+1h 56m"
"156","Traffik       (2018)+62.0+Horror, Thriller+StatusReleasedOriginalLanguageEnglishBudget$4,000,000.00Revenue$5,132,274.00+1h 36m"
"157","Changeling       (2008)+76.0+Crime, Drama, Mystery+StatusReleasedOriginalLanguageEnglishBudget$55,000,000.00Revenue$113,020,255.00+2h 21m"
"158","Song to Song       (2017)+54.0+Drama, Romance+StatusReleasedOriginalLanguageEnglishBudget$10,000,000.00Revenue$1,710,528.00+2h 9m"
"159","MILF       (2018)+59.0+Comedy+StatusReleasedOriginalLanguageFrenchBudget-Revenue$1,100,000.00+1h 36m"
"160","Till Death       (2021)+66.0+Horror, Thriller+StatusReleasedOriginalLanguageEnglishBudget-Revenue-+1h 29m"
"161","Cool Hand Luke       (1967)+78.0+Crime, Drama+StatusReleasedOriginalLanguageEnglishBudget$3,200,000.00Revenue$16,217,773.00+2h 7m"
"162","Piranha 3DD       (2012)+43.0+Horror, Thriller, Comedy+StatusReleasedOriginalLanguageEnglishBudget$5,000,000.00Revenue$8,493,728.00+1h 23m"
"163","The Grandmaster       (2013)+65.0+Action, Drama, History+OriginalTitle一代宗師StatusReleasedOriginalLanguageChineseBudget$3,860,000.00Revenue$64,076,736.00+2h 10m"
"164","They Live       (1988)+73.0+Science Fiction, Action+StatusReleasedOriginalLanguageEnglishBudget$4,000,000.00Revenue$13,008,928.00+1h 34m"
"165","The Ultimate Gift       (2007)+77.0+Romance, Drama, Family+StatusReleasedOriginalLanguageEnglishBudget-Revenue$3,438,735.00+1h 54m"
"166","Burlesque       (2010)+72.0+Drama, Romance+StatusReleasedOriginalLanguageEnglishBudget$55,000,000.00Revenue$89,519,773.00+1h 59m"
"167","I Am Mother       (2019)+67.0+Science Fiction, Thriller+StatusReleasedOriginalLanguageEnglishBudget-Revenue$643,593.00+1h 54m"
"168","The Many Adventures of Winnie the Pooh       (1977)+72.0+Animation, Family+StatusReleasedOriginalLanguageEnglishBudget-Revenue-+1h 14m"
"169","Blue Is the Warmest Color       (2013)+71.0+Romance, Drama+OriginalTitleLaVied'Adèle-Chapitres1et2StatusReleasedOriginalLanguageFrenchBudget$4,300,000.00Revenue$10,165,694.00+3h"
"170","Lemony Snicket's A Series of Unfortunate Events       (2004)+68.0+Adventure, Comedy, Family+StatusReleasedOriginalLanguageEnglishBudget$140,000,000.00Revenue$209,073,645.00+1h 48m"
"171","The Monuments Men       (2014)+60.0+War, Drama, History, Action+StatusReleasedOriginalLanguageEnglishBudget$70,000,000.00Revenue$154,984,035.00+1h 58m"
"172","Possession       (1981)+73.0+Horror+StatusReleasedOriginalLanguageFrenchBudget-Revenue$1,158,473.00+2h 4m"
"173","In the Mood for Love       (2000)+81.0+Drama, Romance+OriginalTitle花樣年華StatusReleasedOriginalLanguageCantoneseBudget$150,000.00Revenue$12,854,953.00+1h 39m"
"174","Moneyball       (2011)+72.0+Drama+StatusReleasedOriginalLanguageEnglishBudget$50,000,000.00Revenue$110,206,216.00+2h 14m"
"175","The Graduate       (1967)+77.0+Comedy, Drama, Romance+StatusReleasedOriginalLanguageEnglishBudget$3,000,000.00Revenue$104,945,305.00+1h 46m"
"176","Crash       (1996)+65.0+Drama, Thriller+StatusReleasedOriginalLanguageEnglishBudget$9,000,000.00Revenue-+1h 40m"
"177","The Goldfinch       (2019)+72.0+Drama+StatusReleasedOriginalLanguageEnglishBudget$40,000,000.00Revenue-+2h 29m"
"178","Little       (2019)+69.0+Comedy, Fantasy, Romance+StatusReleasedOriginalLanguageEnglishBudget$20,000,000.00Revenue$17,399,000.00+1h 48m"
"179","Cinema Paradiso       (1988)+85.0+Drama, Romance+OriginalTitleNuovoCinemaParadisoStatusReleasedOriginalLanguageItalianBudget$5,000,000.00Revenue$11,990,401.00+2h 4m"
"180","News of the World       (2020)+70.0+Drama, Western, Adventure+StatusReleasedOriginalLanguageEnglishBudget-Revenue$12,668,325.00+1h 58m"
"181","Robin Hood: Prince of Thieves       (1991)+68.0+Action, Adventure, Drama, Romance+StatusReleasedOriginalLanguageEnglishBudget$48,000,000.00Revenue$390,493,908.00+2h 23m"
"182","Falling Down       (1993)+74.0+Crime, Drama, Thriller+StatusReleasedOriginalLanguageEnglishBudget$25,000,000.00Revenue$40,903,593.00+1h 53m"
"183","7500       (2019)+61.0+Action, Drama, Thriller+StatusReleasedOriginalLanguageEnglishBudget-Revenue-+1h 33m"
"184","The Night House       (2021)+67.0+Horror, Thriller, Mystery+StatusReleasedOriginalLanguageEnglishBudget-Revenue$14,590,542.00+1h 47m"
"185","Mandy       (2018)+62.0+Horror, Action, Thriller, Fantasy+StatusReleasedOriginalLanguageEnglishBudget$6,000,000.00Revenue$1,214,525.00+2h 2m"
"186","Shin Godzilla       (2016)+71.0+Action, Science Fiction, Horror+OriginalTitleシン・ゴジラStatusReleasedOriginalLanguageJapaneseBudget$15,000,000.00Revenue$77,947,607.00+2h"
"187","Beverly Hills Cop       (1984)+72.0+Action, Comedy, Crime+StatusReleasedOriginalLanguageEnglishBudget$14,000,000.00Revenue$316,360,478.00+1h 45m"
"188","Day of the Dead: Bloodline       (2017)+46.0+Action, Horror+StatusReleasedOriginalLanguageEnglishBudget$8,000,000.00Revenue-+1h 30m"
"189","Mirage       (2018)+75.0+Science Fiction, Thriller, Drama, Romance, Mystery+OriginalTitleDurantelatormentaStatusReleasedOriginalLanguageSpanish;CastilianBudget-Revenue$17,325,485.00+2h 9m"
"190","Spenser Confidential       (2020)+65.0+Comedy, Action, Thriller+StatusReleasedOriginalLanguageEnglishBudget-Revenue-+1h 50m"
"191","The Descendants       (2011)+68.0+Comedy, Drama+StatusReleasedOriginalLanguageEnglishBudget$20,000,000.00Revenue$177,243,185.00+1h 55m"
"192","A Beautiful Day in the Neighborhood       (2019)+70.0+Drama, History+StatusReleasedOriginalLanguageEnglishBudget$25,000,000.00Revenue$67,925,733.00+1h 49m"
"193","Follow Me       (2020)+65.0+Horror, Thriller+StatusReleasedOriginalLanguageEnglishBudget-Revenue$3,551,439.00+1h 28m"
"194","A River Runs Through It       (1992)+71.0+Drama, Family+StatusReleasedOriginalLanguageEnglishBudget$12,000,000.00Revenue$43,440,294.00+2h 3m"
"195","Chef       (2014)+71.0+Comedy+StatusReleasedOriginalLanguageEnglishBudget$11,000,000.00Revenue$45,967,935.00+1h 54m"
"196","Chungking Express       (1994)+80.0+Drama, Comedy, Romance+OriginalTitle重慶森林StatusReleasedOriginalLanguageCantoneseBudget$160,000.00Revenue-+1h 43m"
"197","Borat Subsequent Moviefilm       (2020)+65.0+Comedy+StatusReleasedOriginalLanguageEnglishBudget-Revenue-+1h 36m"
"198","Happiest Season       (2020)+74.0+Romance, Comedy+StatusReleasedOriginalLanguageEnglishBudget-Revenue$1,401,954.00+1h 42m"
"199","Tales from Earthsea       (2006)+66.0+Animation, Fantasy, Adventure+OriginalTitleゲド戦記StatusReleasedOriginalLanguageJapaneseBudget$22,000,000.00Revenue$68,625,104.00+1h 55m"
"200","Brawl in Cell Block 99       (2017)+70.0+Action, Crime, Thriller+StatusReleasedOriginalLanguageEnglishBudget$10,000,000.00Revenue-+2h 12m"
"201","Sleepwalkers       (1992)+60.0+Fantasy, Horror, Thriller+StatusReleasedOriginalLanguageEnglishBudget$15,000,000.00Revenue$30,524,763.00+1h 31m"
"202","American Hustle       (2013)+68.0+Drama, Crime+StatusReleasedOriginalLanguageEnglishBudget$40,000,000.00Revenue$251,171,807.00+2h 18m"
"203","The Fugitive       (1993)+74.0+Drama, Action, Thriller+StatusReleasedOriginalLanguageEnglishBudget$44,000,000.00Revenue$368,875,760.00+2h 11m"
"204","Arthur Christmas       (2011)+67.0+Drama, Animation, Family, Comedy+StatusReleasedOriginalLanguageEnglishBudget$10,000,000.00Revenue-+1h 37m"
"205","Widows       (2018)+65.0+Crime, Thriller+StatusReleasedOriginalLanguageEnglishBudget$42,000,000.00Revenue$73,866,088.00+2h 9m"
"206","The Adventures of Tintin       (2011)+69.0+Adventure, Animation, Mystery+StatusReleasedOriginalLanguageEnglishBudget$130,000,000.00Revenue$371,940,071.00+1h 47m"
"207","Angel Heart       (1987)+71.0+Horror, Mystery+StatusReleasedOriginalLanguageEnglishBudget$17,000,000.00Revenue$17,185,632.00+1h 53m"
"208","The Next Karate Kid       (1994)+53.0+Action, Drama, Family, Adventure+StatusReleasedOriginalLanguageEnglishBudget$12,000,000.00Revenue$15,876,353.00+1h 47m"
"209","Eiffel       (2021)+63.0+Romance, Drama+StatusReleasedOriginalLanguageFrenchBudget$26,000,000.00Revenue$13,000,000.00+1h 48m"
"210","Pig       (2021)+67.0+Drama, Thriller+StatusReleasedOriginalLanguageEnglishBudget-Revenue$2,652,024.00+1h 31m"
"211","Airplane!       (1980)+73.0+Comedy+StatusReleasedOriginalLanguageEnglishBudget$3,500,000.00Revenue$83,453,539.00+1h 28m"
"212","The Princess Bride       (1987)+77.0+Adventure, Family, Fantasy, Comedy, Romance+StatusReleasedOriginalLanguageEnglishBudget$16,000,000.00Revenue$30,861,665.00+1h 39m"
"213","The Waterboy       (1998)+61.0+Comedy+StatusReleasedOriginalLanguageEnglishBudget$23,000,000.00Revenue$185,991,646.00+1h 30m"
"214","Roman J. Israel, Esq.       (2017)+63.0+Drama, Crime, Thriller+StatusReleasedOriginalLanguageEnglishBudget$22,000,000.00Revenue$11,942,780.00+2h 2m"
"215","Attraction       (2017)+66.0+Drama, Romance, Science Fiction, Adventure+OriginalTitleПритяжениеStatusReleasedOriginalLanguageRussianBudget$5,027,266.00Revenue$19,454,845.00+1h 57m"
"216","The Bye Bye Man       (2017)+52.0+Horror, Thriller+StatusReleasedOriginalLanguageEnglishBudget$7,400,000.00Revenue$26,667,197.00+1h 36m"
"217","Haunt       (2019)+67.0+Horror, Thriller+StatusReleasedOriginalLanguageEnglishBudget-Revenue-+1h 32m"
"218","The Italian Job       (2003)+68.0+Action, Crime+StatusReleasedOriginalLanguageEnglishBudget$60,000,000.00Revenue$176,070,171.00+1h 50m"
"219","Mary Shelley       (2017)+70.0+Drama, Romance+StatusReleasedOriginalLanguageEnglishBudget-Revenue-+2h"
"220","Burn Out       (2018)+68.0+Action, Thriller+StatusReleasedOriginalLanguageFrenchBudget-Revenue-+1h 47m"
"221","Sweet Home Alabama       (2002)+64.0+Comedy, Romance+StatusReleasedOriginalLanguageEnglishBudget$30,000,000.00Revenue$180,622,424.00+1h 48m"
"222","Night School       (2018)+62.0+Comedy+StatusReleasedOriginalLanguageEnglishBudget$29,000,000.00Revenue$33,157,615.00+1h 51m"
"223","Twitches       (2005)+68.0+Comedy, Drama, Family, Fantasy, TV Movie+StatusReleasedOriginalLanguageEnglishBudget$20,000,000.00Revenue-+1h 26m"
"224","The Aeronauts       (2019)+68.0+Adventure, Drama, Romance+StatusReleasedOriginalLanguageEnglishBudget$40,000,000.00Revenue-+1h 41m"
"225","The Poughkeepsie Tapes       (2009)+66.0+Horror, Mystery, Crime, Thriller+StatusReleasedOriginalLanguageEnglishBudget-Revenue-+1h 21m"
"226","The Dig       (2021)+69.0+Drama, History+StatusReleasedOriginalLanguageEnglishBudget-Revenue-+1h 52m"
"227","Damage       (1992)+66.0+Drama, Romance+StatusReleasedOriginalLanguageEnglishBudget-Revenue$7,532,911.00+1h 51m"
"228","Waves       (2019)+74.0+Romance, Drama+StatusReleasedOriginalLanguageEnglishBudget-Revenue$2,576,990.00+2h 16m"
"229","Dredd       (2012)+68.0+Action, Science Fiction+StatusReleasedOriginalLanguageEnglishBudget$50,000,000.00Revenue$41,037,742.00+1h 35m"
"230","Casablanca       (1942)+82.0+Drama, Romance+StatusReleasedOriginalLanguageEnglishBudget$878,000.00Revenue$10,462,500.00+1h 42m"
"231","Speed 2: Cruise Control       (1997)+45.0+Action, Adventure, Thriller+StatusReleasedOriginalLanguageEnglishBudget$160,000,000.00Revenue$164,508,066.00+2h 1m"
"232","Moxie       (2021)+74.0+Comedy, Drama, Music+StatusReleasedOriginalLanguageEnglishBudget-Revenue-+1h 51m"
"233","House of 1000 Corpses       (2003)+62.0+Horror+StatusReleasedOriginalLanguageEnglishBudget$7,000,000.00Revenue$17,949,758.00+1h 29m"
"234","The Report       (2019)+70.0+Thriller, Drama+StatusReleasedOriginalLanguageEnglishBudget-Revenue-+1h 58m"
"235","Christopher Robin       (2018)+73.0+Adventure, Comedy, Family, Fantasy+StatusReleasedOriginalLanguageEnglishBudget$75,000,000.00Revenue$99,138,899.00+1h 44m"
"236","Escape from the Planet of the Apes       (1971)+63.0+Action, Science Fiction+StatusReleasedOriginalLanguageEnglishBudget$2,500,000.00Revenue$12,348,905.00+1h 38m"
"237","Big Trouble in Little China       (1986)+72.0+Action, Adventure, Comedy, Fantasy+StatusReleasedOriginalLanguageEnglishBudget$25,000,000.00Revenue$11,000,000.00+1h 39m"
"238","Air Force One       (1997)+64.0+Action, Thriller+StatusReleasedOriginalLanguageEnglishBudget$85,000,000.00Revenue$315,156,409.00+2h 4m"
"239","Keeping Up with the Joneses       (2016)+61.0+Action, Comedy+StatusReleasedOriginalLanguageEnglishBudget$40,000,000.00Revenue$29,918,745.00+1h 45m"
"240","Collide       (2016)+55.0+Thriller, Action+StatusReleasedOriginalLanguageEnglishBudget$21,500,000.00Revenue$6,817,535.00+1h 38m"
"241","There's Something About Mary       (1998)+66.0+Romance, Comedy+StatusReleasedOriginalLanguageEnglishBudget$23,000,000.00Revenue$369,884,651.00+1h 59m"
"242","Flash Gordon       (1980)+62.0+Science Fiction, Adventure+StatusReleasedOriginalLanguageEnglishBudget$35,000,000.00Revenue$27,107,960.00+1h 51m"
"243","Close to the Horizon       (2019)+80.0+Drama, Romance+OriginalTitleDemHorizontsonahStatusReleasedOriginalLanguageGermanBudget-Revenue-+1h 57m"
"244","Chocolat       (2000)+70.0+Comedy, Drama, Romance+StatusReleasedOriginalLanguageEnglishBudget$25,000,000.00Revenue$152,500,343.00+2h 1m"
"245","Lupin the Third: The Castle of Cagliostro       (1979)+75.0+Family, Animation, Adventure, Comedy, Crime+OriginalTitleルパン三世カリオストロの城StatusReleasedOriginalLanguageJapaneseBudget$7,202,188.00Revenue$8,194,857.00+1h 42m"
"246","Endless Love       (2014)+69.0+Drama, Romance+StatusReleasedOriginalLanguageEnglishBudget$20,000,000.00Revenue$34,077,920.00+1h 43m"
"247","Three Billboards Outside Ebbing, Missouri       (2017)+81.0+Crime, Drama+StatusReleasedOriginalLanguageEnglishBudget$15,000,000.00Revenue$160,192,031.00+1h 55m"
"248","Invictus       (2009)+72.0+Drama, History+StatusReleasedOriginalLanguageEnglishBudget$60,000,000.00Revenue$122,426,792.00+2h 14m"
"249","Dante's Peak       (1997)+61.0+Action, Adventure, Drama, Thriller+StatusReleasedOriginalLanguageEnglishBudget$116,000,000.00Revenue$178,127,760.00+1h 48m"
"250","Superman: Red Son       (2020)+73.0+Science Fiction, Animation, Action+StatusReleasedOriginalLanguageEnglishBudget-Revenue-+1h 24m"
"251","The Deer Hunter       (1978)+80.0+Drama, War+StatusReleasedOriginalLanguageEnglishBudget$15,000,000.00Revenue$50,000,000.00+3h 3m"
"252","The Wife       (2018)+71.0+Drama+StatusReleasedOriginalLanguageEnglishBudget-Revenue$19,978,189.00+1h 40m"
"253","Batman vs. Teenage Mutant Ninja Turtles       (2019)+72.0+Animation, Action, Family+StatusReleasedOriginalLanguageEnglishBudget-Revenue-+1h 27m"
"254","The Legend of Zorro       (2005)+61.0+Action, Adventure, Western+StatusReleasedOriginalLanguageEnglishBudget$75,000,000.00Revenue$142,400,065.00+2h 9m"
"255","Terrified       (2018)+66.0+Horror+OriginalTitleAterradosStatusReleasedOriginalLanguageSpanish;CastilianBudget-Revenue-+1h 28m"
"256","The Silencing       (2020)+65.0+Action, Thriller+StatusReleasedOriginalLanguageEnglishBudget-Revenue-+1h 33m"
"257","End of Watch       (2012)+73.0+Crime, Drama, Thriller+StatusReleasedOriginalLanguageEnglishBudget$7,000,000.00Revenue$48,126,384.00+1h 49m"
"258","Greyhound       (2020)+74.0+War, Action, Drama+StatusReleasedOriginalLanguageEnglishBudget$50,300,000.00Revenue-+1h 31m"
"259","Second Act       (2018)+64.0+Romance, Comedy+StatusReleasedOriginalLanguageEnglishBudget$16,000,000.00Revenue$72,282,227.00+1h 40m"
"260","First Kill       (2017)+57.0+Action, Thriller, Crime+StatusReleasedOriginalLanguageEnglishBudget$10,000,000.00Revenue-+1h 37m"
"261","Batman: Gotham by Gaslight       (2018)+67.0+Thriller, Action, Animation, Science Fiction+StatusReleasedOriginalLanguageEnglishBudget$1,000,000.00Revenue$3,469,151.00+1h 18m"
"262","The Pyramid       (2014)+52.0+Horror+StatusReleasedOriginalLanguageEnglishBudget$6,500,000.00Revenue$16,861,137.00+1h 29m"
"263","The Tin Drum       (1979)+70.0+Drama, History, War+OriginalTitleDieBlechtrommelStatusReleasedOriginalLanguageGermanBudget-Revenue-+2h 42m"
"264","The Midnight Sky       (2020)+58.0+Science Fiction, Drama+StatusReleasedOriginalLanguageEnglishBudget-Revenue-+1h 58m"
"265","Judas and the Black Messiah       (2021)+74.0+Drama, History+StatusReleasedOriginalLanguageEnglishBudget$26,000,000.00Revenue$6,416,063.00+2h 6m"
"266","Solomon Kane       (2009)+59.0+Adventure, Fantasy, Action+StatusReleasedOriginalLanguageEnglishBudget$45,000,000.00Revenue$19,652,185.00+1h 44m"
"267","Enemy of the State       (1998)+70.0+Action, Drama, Thriller+StatusReleasedOriginalLanguageEnglishBudget$90,000,000.00Revenue$250,649,836.00+2h 12m"
"268","Death on the Nile       (1978)+71.0+Mystery+StatusReleasedOriginalLanguageEnglishBudget$7,920,000.00Revenue$14,560,084.00+2h 20m"
"269","Collateral       (2004)+72.0+Drama, Crime, Thriller+StatusReleasedOriginalLanguageEnglishBudget$65,000,000.00Revenue$217,764,291.00+2h"
"270","I, Frankenstein       (2014)+53.0+Horror, Thriller+StatusReleasedOriginalLanguageEnglishBudget$65,000,000.00Revenue$76,801,179.00+1h 32m"
"271","The Highwaymen       (2019)+67.0+Crime, Drama, Thriller+StatusReleasedOriginalLanguageEnglishBudget$49,000,000.00Revenue-+2h 13m"
"272","Motherless Brooklyn       (2019)+67.0+Drama, Thriller+StatusReleasedOriginalLanguageEnglishBudget$26,000,000.00Revenue$18,377,736.00+2h 25m"
"273","The Last of the Mohicans       (1992)+74.0+Action, Adventure, Drama, History, Romance, War+StatusReleasedOriginalLanguageEnglishBudget$40,000,000.00Revenue$75,505,856.00+1h 52m"
"274","Battle of the Sexes       (2017)+68.0+Comedy, Drama, History+StatusReleasedOriginalLanguageEnglishBudget$25,000,000.00Revenue$12,638,526.00+2h 1m"
"275","Battle Royale       (2000)+73.0+Drama, Thriller, Action+OriginalTitleバトル・ロワイアルStatusReleasedOriginalLanguageJapaneseBudget$4,500,000.00Revenue$30,600,000.00+2h 3m"
"276","The War with Grandpa       (2020)+65.0+Comedy, Family+StatusReleasedOriginalLanguageEnglishBudget$18,000,000.00Revenue$16,262,351.00+1h 38m"
"277","Next       (2007)+60.0+Action, Science Fiction, Thriller+StatusReleasedOriginalLanguageEnglishBudget$70,000,000.00Revenue$76,066,841.00+1h 36m"
"278","The Dead Don't Die       (2019)+54.0+Comedy, Horror, Fantasy+StatusReleasedOriginalLanguageEnglishBudget-Revenue$12,104,595.00+1h 44m"
"279","Big Fish       (2003)+78.0+Adventure, Fantasy, Drama+StatusReleasedOriginalLanguageEnglishBudget$70,000,000.00Revenue$123,218,424.00+2h 5m"
"280","Ophelia       (2019)+73.0+Drama, Romance, History+StatusReleasedOriginalLanguageEnglishBudget$12,000,000.00Revenue$242,115.00+1h 54m"
"281","An Extremely Goofy Movie       (2000)+63.0+Animation, Family, Comedy+StatusReleasedOriginalLanguageEnglishBudget-Revenue-+1h 19m"
"282","Erin Brockovich       (2000)+74.0+Drama+StatusReleasedOriginalLanguageEnglishBudget$52,000,000.00Revenue$256,271,286.00+2h 11m"
"283","The Elephant Man       (1980)+81.0+Drama, History+StatusReleasedOriginalLanguageEnglishBudget$5,000,000.00Revenue$26,010,864.00+2h 4m"
"284","The Illusionist       (2006)+73.0+Fantasy, Drama, Thriller, Romance+StatusReleasedOriginalLanguageEnglishBudget$16,500,000.00Revenue$87,892,388.00+1h 50m"
"285","The Thin Red Line       (1998)+74.0+Drama, History, War+StatusReleasedOriginalLanguageEnglishBudget$52,000,000.00Revenue$98,126,565.00+2h 51m"
"286","Playing with Fire       (2019)+68.0+Family, Comedy+StatusReleasedOriginalLanguageEnglishBudget$29,900,000.00Revenue$44,400,000.00+1h 36m"
"287","Jarhead       (2005)+66.0+Drama, War+StatusReleasedOriginalLanguageEnglishBudget$72,000,000.00Revenue$97,076,152.00+2h 3m"
"288","The Perfect Storm       (2000)+64.0+Action, Adventure, Drama, Thriller+StatusReleasedOriginalLanguageEnglishBudget$120,000,000.00Revenue$325,756,637.00+2h 10m"
"289","The Blob       (1988)+67.0+Horror, Science Fiction+StatusReleasedOriginalLanguageEnglishBudget$19,000,000.00Revenue$8,247,943.00+1h 35m"
"290","The Art of the Steal       (2013)+62.0+Comedy, Crime+StatusReleasedOriginalLanguageEnglishBudget-Revenue$64,065.00+1h 30m"
"291","Blood Father       (2016)+62.0+Action, Thriller, Drama+StatusReleasedOriginalLanguageEnglishBudget$13,000,000.00Revenue$6,903,033.00+1h 28m"
"292","Fun and Fancy Free       (1947)+63.0+Animation, Family, Music+StatusReleasedOriginalLanguageEnglishBudget-Revenue-+1h 13m"
"293","Donnie Brasco       (1997)+75.0+Crime, Drama, Thriller+StatusReleasedOriginalLanguageEnglishBudget$35,000,000.00Revenue$124,909,762.00+2h 7m"
"294","Adrift       (2018)+69.0+Thriller, Romance, Adventure+StatusReleasedOriginalLanguageEnglishBudget$35,000,000.00Revenue$59,900,000.00+1h 36m"
"295","22 July       (2018)+72.0+History, Drama, Thriller, Crime+StatusReleasedOriginalLanguageEnglishBudget$20,000,000.00Revenue-+2h 23m"
"296","The Legend of 1900       (1998)+83.0+Drama, Music, Romance+OriginalTitleLaleggendadelpianistasull'oceanoStatusReleasedOriginalLanguageItalianBudget$9,000,000.00Revenue$21,057,208.00+2h 50m"
"297","Damien: Omen II       (1978)+64.0+Horror+StatusReleasedOriginalLanguageEnglishBudget$6,800,000.00Revenue$26,518,355.00+1h 47m"
"298","A Shaun the Sheep Movie: Farmageddon       (2019)+69.0+Comedy, Animation, Family+StatusReleasedOriginalLanguageEnglishBudget-Revenue$42,880,428.00+1h 27m"
"299","The French Connection       (1971)+75.0+Action, Crime, Thriller+StatusReleasedOriginalLanguageEnglishBudget$1,800,000.00Revenue$41,158,757.00+1h 44m"
"300","Eli       (2019)+60.0+Horror+StatusReleasedOriginalLanguageEnglishBudget-Revenue-+1h 38m"
